timestamp,asset_id,status_type_id,sensor_0_avg,sensor_1_avg,sensor_2_avg,wind_speed_3_avg,wind_speed_4_avg,wind_speed_3_max,wind_speed_3_min,wind_speed_3_std,sensor_5_avg,sensor_5_max,sensor_5_min,sensor_5_std,sensor_6_avg,sensor_7_avg,sensor_8_avg,sensor_9_avg,sensor_10_avg,sensor_11_avg,sensor_12_avg,sensor_13_avg,sensor_14_avg,sensor_15_avg,sensor_16_avg,sensor_17_avg,sensor_18_avg,sensor_18_max,sensor_18_min,sensor_18_std,sensor_19_avg,sensor_20_avg,sensor_21_avg,sensor_22_avg,sensor_23_avg,sensor_24_avg,sensor_25_avg,sensor_26_avg,reactive_power_27_avg,reactive_power_27_max,reactive_power_27_min,reactive_power_27_std,reactive_power_28_avg,reactive_power_28_max,reactive_power_28_min,reactive_power_28_std,power_29_avg,power_29_max,power_29_min,power_29_std,power_30_avg,power_30_max,power_30_min,power_30_std,sensor_31_avg,sensor_31_max,sensor_31_min,sensor_31_std,sensor_32_avg,sensor_33_avg,sensor_34_avg,sensor_35_avg,sensor_36_avg,sensor_37_avg,sensor_38_avg,sensor_39_avg,sensor_40_avg,sensor_41_avg,sensor_42_avg,sensor_43_avg,sensor_44,sensor_45,sensor_46,sensor_47,sensor_48,sensor_49,sensor_50,sensor_51,sensor_52_avg,sensor_52_max,sensor_52_min,sensor_52_std,sensor_53_avg,time_stamp;asset_id;id;train_test;status_type_id;sensor_0_avg;sensor_1_avg;sensor_2_avg;wind_speed_3_avg;wind_speed_4_avg;wind_speed_3_max;wind_speed_3_min;wind_speed_3_std;sensor_5_avg;sensor_5_max;sensor_5_min;sensor_5_std;sensor_6_avg;sensor_7_avg;sensor_8_avg;sensor_9_avg;sensor_10_avg;sensor_11_avg;sensor_12_avg;sensor_13_avg;sensor_14_avg;sensor_15_avg;sensor_16_avg;sensor_17_avg;sensor_18_avg;sensor_18_max;sensor_18_min;sensor_18_std;sensor_19_avg;sensor_20_avg;sensor_21_avg;sensor_22_avg;sensor_23_avg;sensor_24_avg;sensor_25_avg;sensor_26_avg;reactive_power_27_avg;reactive_power_27_max;reactive_power_27_min;reactive_power_27_std;reactive_power_28_avg;reactive_power_28_max;reactive_power_28_min;reactive_power_28_std;power_29_avg;power_29_max;power_29_min;power_29_std;power_30_avg;power_30_max;power_30_min;power_30_std;sensor_31_avg;sensor_31_max;sensor_31_min;sensor_31_std;sensor_32_avg;sensor_33_avg;sensor_34_avg;sensor_35_avg;sensor_36_avg;sensor_37_avg;sensor_38_avg;sensor_39_avg;sensor_40_avg;sensor_41_avg;sensor_42_avg;sensor_43_avg;sensor_44;sensor_45;sensor_46;sensor_47;sensor_48;sensor_49;sensor_50;sensor_51;sensor_52_avg;sensor_52_max;sensor_52_min;sensor_52_std;sensor_53_avg,alarm_id,detection_time
2026-02-09 17:29:21,21,5.0,11.787862408919064,99.78023567420865,-12.863061494214092,2.8800115091174865,3.011031936189138,5.620882897970344,1.0390806194657818,0.5087476180489487,22.87561326806633,24.00473997305669,23.288030808514648,0.0,20.01933284393978,31.503244387448465,45.06200277320817,29.97596200053082,29.691008560727894,40.70371384283868,40.65093846342963,29.22415733249201,27.482160859729223,36.425456485489256,33.6675938228993,33.93649540955313,262.2971736466678,273.59039056437257,256.2050694720594,12.12874873279642,16.44046191427974,26.4973295146657,30.686955646776592,0.6994321186045492,3.8552628414183148,6.793170793865844,6.57633790955682,50.27018457261947,0.0,0.0,0.0,0.0,0.0,0.0,0.0,0.0,0.004648218760995412,0.0192994334263186,0.0,0.005864342542405821,-0.0023337352541589907,-0.0019877315283854118,-0.012800064181320429,0.0014196058569836442,-0.0024963023787068473,-4.016013800567719,-26.24586327461663,2.979076567687077,399.5569299467459,385.5247064462609,404.7386823005721,31.471110755666498,29.553828835071364,28.176386031114426,34.67413882621724,38.30272737703733,37.33613130348137,28.540565700327488,111.11628679014821,22.849249802221422,-756.9284575680632,0.0,0.0,-826.7880017999304,0.0,0.0,-756.6896081805331,-801.1459657098032,2.2352045045785403,2.4312771032127736,2.180072220682148,0.10017812365299801,13.514204707159058,0,ALM-0001,2026-02-09 17:29:21
2026-02-09 17:29:21,21,5.0,23.61058990100904,184.5375475643062,-7.555997042791197,3.233982439422007,3.301559010699801,6.016880499563419,1.029563204661731,0.72136912379977,5.878059231603858,42.54917517087444,-2.2478731234126097,10.783753506053657,33.415094766436994,37.487435295706895,47.170830454913535,35.54195145385527,38.43626817725744,47.743811694773015,42.049185794444945,38.96277084339824,39.228512946297634,39.02696274268706,37.94080642876139,39.099095574540506,967.846864068383,1308.978872140799,233.3238315504245,396.2126891096598,33.52786083085764,31.575668636319058,38.39942105103611,0.6149422983068328,40.92331071169159,43.325559707408644,42.48598011022696,47.973404867815624,0.026139426043069854,0.39079584548822865,0.0,0.06371511166198335,-0.02712790117935937,0.0,-0.3826554261177808,0.061744450604314195,0.012724002865224456,0.07643782034361195,0.0,0.015173630228238415,0.002529210912874165,0.08079737858910237,-0.019525515274652423,0.014732846449433389,0.005905205987575719,791.0108852398856,-201.2101174667419,106.70920087420734,407.0631153922198,380.78061965922257,381.3511131565111,37.420079922715196,34.445700795112195,35.40170965776705,45.23291470588118,49.17230362891287,44.08006883860859,36.07745237446737,187.21184229468753,31.569934259406843,-582.1987275749763,1406.0424329184375,0.0,-298.5751210007151,2358.709588966706,0.0,841.2550443240101,2105.648548557871,8.562376538712881,11.964560614756687,2.0229326540760617,3.368363031080052,26.75355449949671,0,ALM-0002,2026-02-09 17:29:31
2026-02-09 17:29:21,21,5.0,18.416592573802454,162.75648846135786,22.778496872178263,3.2248604468358297,3.264607361910672,6.176114515670202,0.9424483400746402,0.7237171618285588,19.157615456184782,22.87423590683987,-2.295106162237227,9.007705090658996,30.936222239916383,34.80671250639503,66.24177794850497,33.46549649215713,34.739040052541895,42.67679892973334,40.25411714482792,38.851393386447846,51.9469264240568,48.35082318304379,49.59654311503843,51.06230670975993,408.1182597032358,1425.209158514097,183.751144135435,346.3410725476049,23.950282406682422,29.631747902661623,36.31886034763025,0.628990766073095,41.463656159791725,42.73632644034433,42.169118381409,50.025928753772185,0.023232724193949693,0.48097029764141436,0.0,0.07074900135863459,-0.023118760479374802,0.0,-0.46880189248151133,0.0749273822689584,0.01859380523707995,0.10806539849858156,0.0,0.020487741621221762,0.0004037193879097514,0.10544893500090258,-0.015475538857101628,0.015248528284597464,-0.0007301864186927367,946.5079060498346,-371.6970422819851,135.61046119790515,387.87901005251604,385.98333507558533,383.96867827863326,35.53644849148332,32.62360512876587,33.709370479427164,40.79354734217913,41.314154478179674,36.54518755297523,30.175755994015947,132.24204804051737,28.15728858710321,-1327.859899465884,1453.8160055140613,0.0,-1646.1610890450704,1372.2373678817141,0.0,87.24730560914828,-150.3141702492339,3.5537128785657757,12.108635058226056,1.6197713929204374,3.245657016819243,24.1166031814488,0,ALM-0003,2026-02-09 17:29:41
2026-02-09 17:29:21,13,4.0,19.459853753177683,101.29384444146143,4.516836739510463,5.847997682385467,5.861123839976281,10.246534597332225,1.071424922574067,1.0786477720637664,-1.568471026421054,0.2946387004289413,-2.316717321598236,0.6045920614138762,33.909828040197226,38.19789752051518,82.38171435317423,40.306989255918225,37.912459843715986,56.523035571512914,48.11504448043824,36.60629244894663,41.288031326297975,56.24214202404053,58.192724899044094,58.264412857444725,1346.5773643857726,1543.0185663767077,1243.1148369200823,56.925162270178625,28.107285589497987,37.81542652313941,41.71752656288354,0.9347263200559647,235.7597323327163,273.59588753705157,242.02157318030538,47.56432121658456,0.4572314200286181,0.5078144868187119,0.23540958302739087,0.05751455555320742,-0.480640303504777,-0.24389395031194586,-0.49552548635317817,0.05635328323382753,0.14005119767344743,0.2524353066882731,0.048784588857420534,0.04702188401060299,0.1440034131885693,0.25594296646928427,0.050806453955888994,0.04327570948977074,-0.046886053943994824,-88.7387457672412,-110.34745320584904,6.152252852885992,382.5335920406301,382.539280398367,378.93123593062774,40.52583326084637,41.47675167792003,40.01667338703968,48.770903073524096,53.04973438171836,48.350606415177005,28.841774792272027,94.34009822705514,27.206726635873522,0.0,49724.282603955624,0.0,0.0,-17099.41428274341,0.0,47076.65566417295,-15782.810895279694,12.092629139749242,12.745511686967934,10.418398126058142,0.48181936205622616,29.29353983461997,0,ALM-0004,2026-02-09 17:29:51
2026-02-09 17:29:21,13,3.0,27.8725878841205,82.265010795933,0.10250737154103073,9.495921043641635,9.915562728966735,16.304413055542042,1.8469805491262274,1.8892274971484142,-1.4511225399618932,2.8787428663486967,-2.3960729082216186,0.7672832670031151,37.22863694764545,46.40434333121742,94.81576569713569,44.783859014459885,43.6523014013262,67.1299596860267,51.47529012707126,65.44609083181223,71.97095021625104,89.8674561427698,91.9498162505512,88.96170535597957,1710.8292588975798,1722.4678120815895,1459.5097408171164,22.922683261382378,46.6658433169906,44.312574513376724,45.509620652800336,1.0492612467841091,1266.6995271925318,1312.1865741121605,1263.0650665776677,48.17959851531084,0.39689978512774227,0.5015919174345917,0.20142832974278357,0.08603179523436016,-0.47499887260337237,-0.2831099790399449,-0.4795589389010879,0.0440366514407756,0.7910698099778355,0.992393896243271,0.4344940703414076,0.11161185827300601,0.7368697717885073,1.014154891172273,0.47148370753470165,0.11034735905603586,-0.10322330172648904,-219.26198937078226,-227.24369353396867,3.030490157288005,414.9128270468206,416.78171240795774,404.33160262047016,43.78683591913227,47.5764091801264,48.07387756221008,80.51621274870475,89.37847879786301,86.73936184382096,36.72832382442731,86.45856932569764,36.319063886845704,0.0,249620.73941840924,0.0,0.0,-35256.048188565175,0.0,269388.0414409835,-38181.38286439665,14.39763716389112,15.267006740474718,13.751341077399584,0.19582497829269255,32.77911186402839,0,ALM-0005,2026-02-09 17:30:01
2026-02-09 17:29:21,11,5.0,14.26015901269335,269.33946811622224,8.775487456271046,2.9117797396417804,2.885533071119604,7.133081605544095,0.6008282405767247,0.713405503649231,23.28698379785544,24.122385408429537,24.376153454444086,0.0,21.944616929671803,37.60762257263902,85.8541633237103,37.77715615182296,31.24779811618018,47.284163023042915,46.615449967342926,41.47156811505749,44.274014530277825,57.60885325640697,55.33547651635306,56.90031049682933,247.8419769878373,293.0218308370849,169.1562303516002,27.626961808815643,21.789754993398,34.17798761980895,31.431377318724486,0.8799708134951951,19.3067170985248,18.200991289612876,21.911524210734825,51.334023076222536,0.0,0.0,0.0,0.0,0.0,0.0,0.0,0.0,0.004148345157747549,0.02575648400069088,0.0,0.005809384008413753,-0.01029934772853424,-0.005123214190314369,-0.01936239832716552,0.0019213669157563235,-0.005697537433106723,-4.487977845605108,-25.655167925119517,2.9210453655383435,417.8599788216351,409.9379271198155,383.823939669952,31.884490012364633,30.403799727135304,30.81111852898635,56.82093704821872,72.42528127175916,75.1656436362448,36.72380928603323,249.96925773276857,27.03471614263559,-3583.9468870683195,0.0,0.0,-1863.9385674033358,0.0,0.0,-3466.5880738587985,-1869.5482064366126,2.1035590010274077,2.4625717040429227,1.425910237996944,0.30694445758585254,16.45948822904817,0,ALM-0006,2026-02-09 17:30:11
2026-02-09 17:29:21,13,4.0,18.932506569344543,41.775188478563464,-27.51094550174182,1.8697865078638263,1.7399904462503648,2.4948555420947818,0.9579301822116052,0.208883048347847,24.50687466488756,22.924322561591882,24.334911266345173,0.0,28.17587264469475,37.12685580602466,46.844321050057914,38.59505086670193,33.249324582820904,43.88486761657971,44.7949615516707,30.38143258910115,32.04622471004564,36.72941730546625,37.70136865895311,37.117146558038755,114.75435513031017,131.69972072427893,98.04787596068334,9.38626059949029,21.873473681918284,32.86516131048917,34.050950557798274,0.7739931492089712,10.338359072401966,9.338031673347638,11.153161715403408,49.73608650241606,0.0,0.0,0.0,0.0,0.0,0.0,0.0,0.0,0.0,0.0,0.0,0.0,-0.004685294655860295,-0.003999246365412884,-0.014100832515670762,0.001254976639168627,-0.004034034716293229,-7.462048934843491,-24.3148279426287,1.976866258349763,393.38408856986536,410.4860149878823,393.92199025846173,32.236535299206615,32.08994924825982,32.8410846013371,43.148792477117986,47.744804997884714,43.15356299137989,30.056519223935325,68.36184105871733,27.07586143780214,-1474.5752960260852,0.0,0.0,-1382.3026405264195,0.0,0.0,-1496.9874128350236,-1293.6882538704297,0.0,0.0,0.0,0.0,21.150778429349092,0,ALM-0007,2026-02-09 17:30:21
2026-02-09 17:29:21,11,5.0,19.557675390424727,88.7641264745376,30.942438136605407,2.234305325411445,2.2913268384904004,11.936505928498674,0.4146174065303361,1.4716474122247045,24.725679165807307,23.984623110049437,22.757543967896225,0.0,29.16684746391943,35.70523727228251,42.45063574274374,35.60556385367966,33.214744479703754,38.942016523886494,40.145551182983546,30.72456143045925,31.405964800648682,34.21154766902931,33.96848044466497,34.47753544258516,0.0,0.0,0.0,0.0,24.07094793193881,30.37809758121961,33.15108996934115,0.8834648360641352,7.932745885828419,6.301535154091972,8.264651333011932,48.88312217213152,0.0,0.0,0.0,0.0,0.0,0.0,0.0,0.0,0.00268661673534723,0.05716879242327444,0.0,0.005671818434039046,-0.00376550736316628,-0.003387393343911376,-0.01287134408204256,0.0012282763679951777,-0.002058601456257372,-2.1923677495821803,-19.71009215287007,3.8794450201043293,394.2344731375373,410.29258504832893,394.2409784725454,29.732986533263013,29.611966492468234,30.10245023164527,52.415007091900804,63.947407553910445,68.6011723883227,33.092431454272386,58.60738551720601,27.50309393682445,-1267.8512884153165,0.0,0.0,-692.5102453494393,0.0,0.0,-1282.7165898705043,-694.3242016938286,0.0,0.0,0.0,0.0,19.606631265040345,0,ALM-0008,2026-02-09 17:30:31
2026-02-09 17:29:21,11,5.0,12.238900700984725,133.6133754565805,-17.68365173466692,2.4856293993278014,2.506223037703075,5.450712939497449,0.4035424514183267,0.5878683971943731,24.024499901730387,23.406725361157736,24.308576444223494,0.0,21.49132007047597,31.227194096509468,26.423478324668334,30.110762946352658,26.140073221472537,34.52202431477411,37.57487050761471,23.00915506842781,23.628036492390027,28.470273878247035,28.54455913375848,28.068009105096397,155.58148175590196,187.08031520950746,142.0438088798043,12.967254612326848,16.359806889299087,23.240623956550003,29.37761340934034,1.0402164231963862,3.5336955145253586,3.9743786020018024,4.561696400501153,50.95736599341695,0.0,0.0,0.0,0.0,0.0,0.0,0.0,0.0,0.0,0.0,0.0,0.0,-0.0022276096338798277,-0.001986487819367899,-0.01128315637644043,0.0011217929481547812,-0.0008300808641741479,-0.9588410821664013,-15.306169003724026,2.366145264555157,387.7835502842342,382.6623994989461,392.6202133645902,30.24217478476611,30.18829373974641,29.485018328638866,59.97157571838135,61.75358856285898,56.63992005609758,25.233974808536118,152.97383586781143,21.835140586523593,-758.1966326130678,0.0,0.0,-282.7369966060493,0.0,0.0,-782.8113242014783,-289.98533192293024,0.7348833441461283,1.768458723086513,0.0,0.7705138885508719,14.542897088684603,0,ALM-0009,2026-02-09 17:30:41
2026-02-09 17:29:21,11,5.0,11.726949833974956,0.10394462048530362,-0.9626841175358694,2.0513111057441336,2.0122903158385252,6.679969891946021,0.40069846925725916,0.40352063750350065,25.074965103333167,24.436658442024775,25.08316793721038,0.0,20.971268981918985,32.311351259514296,28.87103765956368,29.213044731989783,25.81967365281083,34.52088378266787,38.076812916641124,27.268599122888943,28.718368220853716,35.518999559822824,35.99718738618735,36.95648654720288,149.30339890578117,175.53797751709936,127.02755377039797,11.508313029247246,16.247255619579818,22.141760331341928,29.22397674058049,0.9900125091102585,3.45315052396915,4.259345035307303,4.600116466471268,50.99982118148172,0.0,0.0,0.0,0.0,0.0,0.0,0.0,0.0,0.0,0.0,0.0,0.0,-0.0022750406007554483,-0.001986088541193996,-0.011748203805623792,0.0010712865602935512,-0.0006343750110976642,-0.9641177191638979,-16.93925793104777,1.6048205474005053,411.9913434633458,408.18658437579376,416.21839259009755,28.774342068744243,29.653852659646574,29.33648466245325,60.03921451197044,63.94423677477216,54.741252314367316,24.834774718151824,1.2540564982344022,20.669089400947925,-784.622887597097,0.0,0.0,-203.34034592116728,0.0,0.0,-801.4057019077469,-224.20136549472923,0.20252790863638512,1.5526254036899825,0.0,0.4757285983034397,12.80903615889233,0,ALM-0010,2026-02-09 17:30:51
2026-02-09 17:29:21,0,5.0,12.556501048026837,17.01639880466951,-23.263314759685,2.086838799544127,2.0090787054159573,5.403906020105629,0.40726558209968156,0.6653041652948561,23.243769883378505,23.962817007874097,23.90408316093219,0.0,19.975342222114342,29.58820245167414,22.691972473414452,26.66289922614558,25.098022070902594,33.974558094628826,33.84555649098089,22.114811274540607,21.384719331127148,26.080002755588858,28.004276447188648,26.35168265074106,59.792786120476705,126.32728118987998,0.0,45.13366170241232,16.43620623444684,22.327988235677253,30.074261014234775,0.8822462785877686,1.49139091011247,3.4539812510644476,3.5196397882969785,51.64392782031505,0.0,0.0,0.0,0.0,0.0,0.0,0.0,0.0,0.0,0.008773909365788464,0.0,0.0002839667243180538,-0.0012483766427083094,-0.0009908910450263327,-0.010545558175065327,0.0013879801821390684,0.00023897635488715366,1.018104834606689,-15.778615838306683,2.195064199241233,417.61369138220243,411.8792491502048,416.55122794090244,28.76997041781202,28.23910773401377,29.697058100293784,60.9900573173451,65.7737289129364,66.14782956929294,27.251189543924593,43.866436410203214,21.898713749227543,-430.0917875089806,0.0,0.0,85.22942013853648,0.0,0.0,-429.1803716903087,80.73212751111743,0.0,0.0,0.0,0.0,14.400376728509297,0,ALM-0011,2026-02-09 17:31:01
2026-02-09 17:29:21,11,5.0,15.91682342021075,150.6328302997018,-8.492689017916575,2.584673312308782,2.5100156500824697,4.25167928836858,0.8903157057178367,0.39446395794346456,24.77423026755374,23.008238326535654,24.077529226803296,0.0,26.38571544339003,33.5831826202637,27.425350715442757,33.76990496883766,27.640058116205267,32.48670756426051,32.063530631933396,29.765545381259983,27.743112205256274,32.314810584254175,34.536356009723995,32.11820553794024,190.5759659813251,221.76988126780142,179.28279124992153,11.227083453852229,19.666643988775746,26.535390895880642,29.98368278519283,0.954958417116458,3.3512171420305834,3.6900930127647804,4.490482389868512,47.543264522044545,0.0,0.0,0.0,0.0,0.0,0.0,0.0,0.0,0.0,0.0,0.0,0.0,-0.0020489355250272166,-0.0018619290199597377,-0.011264811684779833,0.0012230031711868423,-0.0006665509028898268,-1.0348499757061151,-15.815246119514809,1.972042581239541,412.39404081637684,412.7668891652005,406.2382798180042,29.302908755014855,27.781017100095628,29.222831016476682,59.25837107163743,63.48495122077296,56.398472629976226,27.0329648835919,161.96384920064503,22.974067977718384,-748.8582926472208,0.0,0.0,-236.08092959547895,0.0,0.0,-725.6597735985303,-240.9861268915383,1.6235391795764664,1.9777796496214002,1.564019565126764,0.0992051533923736,19.883070750191568,0,ALM-0012,2026-02-09 17:31:11
2026-02-09 17:29:21,11,5.0,11.463775177677691,103.6675090777721,-6.412358107446886,3.1383008452779375,3.2478268085670505,6.374948871588441,0.49110803131455427,0.5757745861092174,25.042918090922946,22.849993729349336,24.87171643391971,0.0,22.29551691559857,29.64876841127744,21.231738519205702,29.971751727562477,24.00073606552351,34.30555868154707,32.24590462902664,21.182988331923493,21.10611518450365,26.193376521140593,25.541091480121747,24.695504801219727,235.3173827070094,268.9107103443802,235.98680134388454,7.591737311022003,17.57337153787629,21.04579222359383,27.92446841331437,0.9524385623823649,1.6166538505465582,2.632774146668816,3.380559135394014,49.88762115328995,0.0,0.0,0.0,0.0,0.0,0.0,0.0,0.0,0.0075229671007438215,0.027447178043785724,0.0,0.006903112779629565,-0.0013039999240224316,-0.0010383042754049654,-0.010915746181928358,0.001113691220275499,-0.0002811511368180456,0.0,-19.070557846857003,2.51340794339044,384.58601534452583,381.3188140146858,408.09349749468936,29.429333590564354,28.606708918871337,27.972111735502235,56.98591618550122,62.45637042903889,58.06403553238452,23.427997982926914,106.87443656585963,21.546684385802557,-458.53433456401206,0.0,0.0,-107.7485032258379,0.0,0.0,-435.54420012668095,-112.50778518622255,2.2820405032669706,2.2015772854939644,2.060077018246332,0.09546085203356822,15.204046574606648,0,ALM-0013,2026-02-09 17:31:21
2026-02-09 17:29:21,0,5.0,11.701246172901213,271.36042038849746,-13.769060118990732,3.5531259000708264,3.5329937127356366,13.181324995165264,0.6069998159069039,0.9293653661521277,6.33780724478945,46.41850490020848,-2.2031481779997577,10.346205520839227,27.249309524781253,33.43916916253232,78.39634032133716,34.02490114800748,31.148982690181096,46.473283597023055,43.54501048161356,41.29213729294513,34.77542428782458,50.41906966683313,52.47657032790012,51.99122136467597,994.4620182465395,1339.65471282933,264.0321752824834,378.23455598148297,20.375764003711115,30.40247842064931,32.0144088244934,0.5080090230752564,37.13263413410812,40.777798146140015,41.16655111066457,48.600150935921064,0.023194569134986708,0.35496784065620324,0.0,0.040459777043478626,-0.024436859853648095,0.0,-0.33721572291467355,0.04149869477070903,0.015857295055637256,0.07732676277161564,0.0,0.01531702788472928,0.002038998737810686,0.07001167377068498,-0.025040769730114164,0.010366032964334677,-0.003739711510184392,230.05887606493292,-123.40317534158835,49.950406999355806,391.7748352579151,389.9307283846057,374.4863362965536,32.60050742387281,33.33288428837396,35.91711611291279,66.47490698109925,74.1274369182998,71.9499711262134,29.345695620055256,268.3198427579948,23.36639334489193,-813.0637686751226,1479.800037392499,0.0,-511.4416628313466,-812.7945261861793,0.0,699.7073356510439,-1307.6854242140862,9.516221011363546,12.500652660964473,2.5052569591557106,3.44435394642987,16.459578141539403,0,ALM-0014,2026-02-09 17:31:31
2026-02-09 17:29:21,0,5.0,20.02863556485909,336.2437287751798,10.452303752647474,3.1315809038381537,2.9945657626144837,4.51598616809768,1.6525248423473284,0.3010702458990927,25.052991108183818,23.950826122707397,22.949748391585388,0.0,28.742395239427932,39.176506149325206,89.32598545888214,40.58453856011782,36.3376092269058,46.28408710130489,46.62827259039449,40.04433770964285,43.36976273856889,57.27203776729593,56.68180304253521,54.983755656294385,258.895789301514,248.81521059203857,232.3149872637855,3.1170378190561014,26.60450513744088,35.35670465966464,37.97996028235921,0.7807138460153928,17.57942141803134,17.18083512450131,17.302857535945854,51.51328263763136,0.0,0.0,0.0,0.0,0.0,0.0,0.0,0.0,0.005896971190481176,0.018156863594459154,0.0,0.005597706465500226,-0.008414029252452946,-0.005634446017765172,-0.02036765229302045,0.0026745331806602166,-0.005130670340891483,-5.396282418556437,-25.324978349397707,2.7865230105946703,397.6093445663428,389.3215449070937,387.6447907466667,36.63406098406075,34.54686601466662,36.623350855763356,79.99674431381948,84.51796828093624,80.77989253327675,34.613163041802636,322.23325026860084,28.93575535109888,-3088.426627889027,0.0,0.0,-1805.0929035357328,0.0,0.0,-3040.5444008938493,-1846.1719422004355,2.1344015960202634,2.248215772110416,2.074141370134409,0.0,24.013775427263916,0,ALM-0015,2026-02-09 17:31:41
2026-02-09 17:29:21,11,5.0,10.515668366295486,334.71687641591535,-20.4418209884227,2.318894335600454,2.3326309427428455,4.9179239779421735,0.5708242979198683,0.5150863135318582,24.778230072539646,24.9396791831765,24.823605756342936,0.0,20.774848272192603,30.22813445989056,26.112414058060722,29.039160781463682,23.861085899226108,36.190623717989894,37.66203627891552,23.24097501761934,23.43020311459805,30.302745805878104,28.710349143128436,28.219924825483403,208.91379512089657,236.6501652683643,204.3590686795577,3.1576195765395503,15.616433945433915,21.832747947317326,29.292102643072898,0.9642748930516131,3.4287254431812215,5.033736009294536,5.556941967398656,51.3959541861562,0.0,0.0,0.0,0.0,0.0,0.0,0.0,0.0,0.0,0.0,0.0,0.0,-0.002467108973347063,-0.002148346911748516,-0.011444157044783528,0.0011233505494973827,-0.0006521335583163693,-0.9065600814033845,-16.059675591127014,1.6072261110615114,389.77916939275406,399.8751623847341,399.2387773090268,28.225657338571725,29.78215495714164,28.898106629193684,55.17059711537563,57.831059624710655,55.83662512649278,24.70959812936849,359.0613124604,21.791822344751743,-837.2806004219434,0.0,0.0,-214.30776624347536,0.0,0.0,-861.2092113284306,-205.3305328470575,1.985105547924178,2.07386304908326,1.954345669225051,0.0,13.128231117511584,0,ALM-0016,2026-02-09 17:31:51
2026-02-09 17:29:21,0,5.0,12.543294301246384,51.85588825906243,-34.14689024866281,2.5718277372391665,2.6442900564478564,5.646079174237031,0.5857989996964654,0.5248646940870957,23.75713230209609,23.712375885047237,23.28123374130537,0.0,24.320578865512587,30.45918420566393,37.65657835410226,30.990126178694464,26.712075578361425,37.75412789548976,38.96663641072737,27.04055324605063,27.377193522588733,32.01310614310612,31.949520939281943,31.96205574329791,191.27424596899826,223.11309244216469,152.917331919636,26.225614475681677,17.2038917664647,25.807372760979526,28.501089079948944,0.8929962574712896,5.090024507922836,5.3093718091131255,6.48693912574921,49.62464081125759,0.0,0.0,0.0,0.0,0.0,0.0,0.0,0.0,0.00020414592108281902,0.010905203452322047,0.0,0.0013757570346468958,-0.0026169463895361453,-0.0018637743118420785,-0.012981480747985304,0.0014350271430722003,-0.0017332717457684275,-1.1755305316156768,-23.400197849502312,4.244645625529514,403.9237818139133,389.2537774118503,394.1157491081899,28.676020705390428,28.70808243919485,29.47997265528165,69.87407430402234,73.40650667492253,66.92736579497357,30.434582682026893,91.55350062741336,23.08168946864863,-909.0070641968465,0.0,0.0,-562.1222615756898,0.0,0.0,-916.8326404392877,-606.4453041656584,0.9737765571502384,2.06840455414073,0.0,0.9101136998273888,15.533812921621877,0,ALM-0017,2026-02-09 17:32:01
2026-02-09 17:29:21,0,5.0,10.689410710356558,327.0856408296389,-8.648340498578005,3.300970861402983,3.4565003603328255,9.768983267430565,0.5139480422051746,0.7673386737063438,24.981611281680166,23.530743419304756,23.30184033816033,0.0,22.71931082684011,28.549717737437323,71.21981708795788,32.50805707288379,33.37730586775896,50.73655728958807,51.79962373483704,40.25927740272997,35.90160646382027,53.21657062760284,53.83142532838847,49.888935662736536,279.19776433312546,316.7486026319697,251.34143530675684,21.37699448983709,18.46384560664419,28.56603670235212,33.40068438058603,0.6816388245518566,7.890027982237303,7.772345100335672,9.593104034549524,49.487907169625565,0.0,0.0,0.0,0.0,0.0,0.0,0.0,0.0,0.015032222540888318,0.038292722975610316,0.0,0.008332077795000233,-0.003379030278024218,-0.002926121743729259,-0.012674239859424312,0.0015160162007599473,-0.003519573777608912,-6.679808597594902,-24.855431645794486,2.4598562857278368,408.4357687362311,382.226507705369,383.821573712308,30.938383235536865,30.54822708770464,34.1644914296164,69.19638443585097,69.00071631498984,68.0588570068739,26.816227888352344,329.45621481569196,23.690381204162183,-1149.222041052158,0.0,0.0,-1176.9277943015825,0.0,0.0,-1160.1510019488653,-1192.3473284536872,2.4088246537538773,2.8473194622627584,2.1435607985581577,0.19037629845743195,14.645862123825733,0,ALM-0018,2026-02-09 17:32:11
2026-02-09 17:29:21,11,5.0,16.984526125480336,143.25787369251088,33.78741472776177,8.890013299322382,9.09989583998091,15.550441365801893,3.259531116136102,1.3862172723617334,87.44755156656828,86.0209175001527,81.67511447177684,0.6235750002734493,25.11775084807703,35.64292766921534,51.1497125439378,37.09639538074571,33.36644758733576,41.278263016871044,45.83673898194543,31.771392951990443,36.32580289377174,47.531635531848714,46.73419772134452,46.25213919684878,23.202923119075404,67.68024037859169,0.0,14.590522265027065,27.145743200365008,33.33116577333714,35.71982106684543,1.0431418756685717,3.556173829566007,3.4292322607809504,4.591349461394136,52.021619221704555,0.0,0.0,0.0,0.0,0.0,0.0,0.0,0.0,0.6206483890013625,0.9337375254475238,0.20789880326666985,0.18428979006129903,-0.002285063308854786,-0.002005046025971451,-0.012058863878925338,0.0014371953818601907,0.0001528966901440394,0.7678673999950854,-18.71322042812686,2.1798680823624985,409.04216512844636,382.8324976174743,381.6235424048248,32.721970632590036,33.52473925426619,32.99595688177653,50.2238795900732,59.988316574227255,63.568828060103826,27.652459246819472,110.93474316236104,28.629647053541845,-803.9224237340746,0.0,0.0,44.131443243619394,0.0,0.0,-821.9694373927387,43.68133063827473,0.0,0.0,0.0,0.0,18.351366435664477,0,ALM-0019,2026-02-09 17:32:21
2026-02-09 17:29:21,0,5.0,22.59476522683388,283.5535080590412,28.789435131840094,3.504456138696837,3.688655241685638,6.835681640202661,0.6749993682307543,0.5891310339891679,17.584421402208235,23.31215922626178,-2.3766045667050246,10.012040757804106,34.77452294965776,37.576012742428375,56.98994036450549,35.32586675272668,33.39717360423609,41.396542557845756,43.641681277085496,35.5466586502326,38.153895671125504,42.771163105316305,41.45248769580906,39.981987676593974,501.2714078824678,1347.9481058015938,281.08043389294943,354.655582818083,29.036025640030047,32.49855308742535,34.413393570301764,0.7269625251375195,44.62953834804115,47.0331873712284,49.12424293760253,51.037864382352616,0.025400566842592082,0.43764040106773133,0.0,0.07045186550788896,-0.023675989267398685,0.0,-0.45921143393533126,0.0705781723518545,0.02466179117681984,0.08965091266510093,0.0,0.012581453870538568,-0.00019058810871455618,0.09288365619207463,-0.023480348127084497,0.016054467352368255,0.003710103350521328,947.1192952953816,-280.59504723513544,133.91947504429277,380.2406654190259,413.2033500890347,378.15141389661335,35.657541392488405,35.037711478991945,36.70482125260262,56.12054910625987,60.50235995831024,74.91723180105274,36.6632302202111,245.7875308573999,29.488307649399196,-1691.7907840746402,1652.8175355985834,0.0,-1451.0952399618293,2707.036017720959,0.0,-69.02228115582909,1374.3520116126858,4.32184204374375,12.20210468021877,2.4773847200976142,3.279363796776877,23.92754493837879,0,ALM-0020,2026-02-09 17:32:31
2026-02-09 17:29:21,11,3.0,25.322546282200875,112.42410529295756,9.950030896689109,11.354838463217963,10.575421317477755,18.671426778846087,5.067915002961459,1.8618577622748125,0.0,2.95421841485668,-2.507321271793651,1.04612799211537,34.28314342796542,45.21934794229933,104.31072472703586,46.969415640791574,43.27063585993382,63.66372257146525,51.72823591349017,66.14449749737659,61.11599617027589,109.78578506113139,101.61552430165165,102.03639704641849,1702.9237550588102,1779.0692037348508,1565.1693240033796,17.24132142549405,43.40175887494565,46.56808851665674,47.07256859000076,1.0046398334140665,1463.9806027565578,1395.5353621419815,1428.8334317729762,47.92182412735627,0.33358047451129297,0.4987448824183341,0.19387290232245125,0.10588254174181641,-0.42031349807819923,-0.27284950717046774,-0.48279661943355306,0.07775876857216436,0.8277893230792333,0.9584285555296491,0.487634401960267,0.14259410029736758,0.8364363472745049,1.0112622543491703,0.48988494902075735,0.14078664286665946,-0.10614226390839775,-199.01006243666015,-218.20210402141996,5.804817843886135,397.51749633493483,391.43338663632863,382.94553427630626,47.81768966702369,47.54835969456756,45.96412848306052,75.30157160053804,91.17778132328584,78.4594850237794,45.766474781818346,103.18082020809793,38.124364821337245,0.0,293181.91122606525,0.0,0.0,-35352.46111382743,0.0,296478.2184672611,-36048.62087837628,15.457966369235821,15.719807818444808,14.406382509482972,0.10345473532431174,31.30419507650354,0,ALM-0021,2026-02-09 17:32:41
2026-02-09 17:29:21,11,5.0,19.638739046043625,280.6791268131759,-3.582963085638079,3.567854576633646,3.4695651923642634,6.879057073285361,0.6886105414221914,0.7756991105131729,21.422042296996565,81.79318958485655,-2.1272518462811436,24.59804489563543,28.631403710646556,32.66087928605646,24.123896757612357,32.38500502881792,28.980561465867208,33.54998656449565,33.53028392287034,24.836540890152964,23.81247003476101,25.24492259922852,25.80777427862666,26.182867438273572,646.0553485480528,1394.6249029557532,31.13288191914203,492.6571173125902,22.249249312207603,24.328528156578095,30.051391522324575,0.6888358698139094,53.90155456189442,60.78226161020574,59.68716180974293,51.4685332920706,0.03827057232411547,0.46135624703030054,0.0,0.08764994887546117,-0.037089433432603194,0.0,-0.4446604554213917,0.08281357432287448,0.02407457412718793,0.09641530697023515,0.0,0.01895402447966275,0.0056764218880359886,0.08912532199352537,-0.01604235493973843,0.018046436974846862,-0.0032981000327240457,930.9580374658929,-433.5915618728955,152.07011508325922,412.17745295006023,384.61750213555416,391.8865851285359,29.514436427121336,31.225267107845987,29.419951893656204,61.81598609825412,66.29248067478588,58.12472027636957,26.38345608423744,277.61038265055123,26.63258608983228,-686.5599405507039,2584.0760298253363,0.0,-374.0421161001624,-577.1699203070626,0.0,1791.5738959521343,-970.5239288494465,5.646394061161606,12.026761533840041,0.0,4.789734834744255,23.12002191299963,0,ALM-0022,2026-02-09 17:32:51
2026-02-09 17:29:21,13,4.0,21.973899079329968,228.16376723799178,-10.150100048729739,4.104983106563209,4.339385522762611,8.198319222311062,1.1171825307304886,0.71745150774108,-0.41897228547959736,0.6982669088950667,-1.1848515063320493,0.41088123724370984,37.97760776327978,42.93939046024021,91.21260729712122,45.294710662200075,38.92345324236403,54.90822057846123,48.42192953811376,38.31884036158933,42.73719370139128,59.09834795271007,62.97687136901352,63.14115492357171,1275.143904356888,1285.0391241349223,1172.695336718296,8.71411376452181,29.245555078565825,40.422746161265685,39.15642709953845,0.4963197054245944,208.8635993456166,214.96772258190825,216.54080383223845,49.15115486712436,0.26253045444448103,0.4709830943512054,0.0,0.08649166566644738,-0.2590895621687722,0.0,-0.4967764693045158,0.08641193685083767,0.05433045821606042,0.09530933812985286,0.0,0.01853332338509358,0.05203248507945949,0.09184088181252711,-0.0039306364425782695,0.017730816653102752,-0.05044026829361414,289.46406482155345,-639.5176799334615,226.76921369906063,403.38811922980466,408.71368582356,395.0693740097684,39.493778066437415,39.245956745000626,39.40984694369897,49.39668290232899,53.05022523643222,47.7663216290065,32.66338664858366,253.0236956216185,27.23148065973224,0.0,17080.800599689737,0.0,0.0,-16324.869032190541,0.0,17739.232872949942,-16262.481702615427,11.366543072887014,11.758818232197147,10.929985755463509,0.09849949423439455,30.497228190756537,0,ALM-0023,2026-02-09 17:33:01
2026-02-09 17:29:21,11,5.0,22.499984158386457,309.6587636143434,-26.218191957538636,2.0034092475683902,2.0831635128411397,2.6835983332781344,0.9423428639220456,0.20522074655467282,23.70154471493412,23.496060826861843,21.3091838334253,0.09895280159920938,33.40429938589535,39.31536709651808,47.18004536376727,40.6381986026323,38.03821546526434,43.31729027803268,46.807786394757386,35.80273004297942,34.865712871370974,37.528838518242765,38.36431712305243,40.61332094135765,121.33944030639402,147.7182189730941,100.84304330570491,16.76675496485313,29.297031644343175,36.77535804959714,36.912016099823454,0.6819342239369811,6.58285462605583,6.630913025095407,8.285246341479482,50.445352374266214,0.0,0.0,0.0,0.0,0.0,0.0,0.0,0.0,0.0,0.0,0.0,0.0,-0.002944509966077742,-0.0027016348243761516,-0.012132407770963225,0.001548412977272437,-0.002998027267297313,-5.765842377671335,-23.108820505901374,2.4554278743409768,386.7429261812556,391.07330621037727,404.6113224908365,35.11681887381299,35.7372157163422,36.47866355700879,73.93420586374285,78.50893073866605,67.75131216347799,35.66825546694129,319.91739149891947,32.838688016406316,-1037.799009673689,0.0,0.0,-1012.9425485926329,0.0,0.0,-1019.4049963951387,-1011.4610558368289,0.0,0.0,0.0,0.0,26.235572127340095,0,ALM-0024,2026-02-09 17:33:11
2026-02-09 17:29:21,13,5.0,23.84702578184817,227.72426435904532,-7.802865113849794,2.4013086544599402,2.3802043687053898,4.969326888635783,0.5047793021068054,0.5702150153975526,24.07596813003912,22.964457380017443,23.42623462097048,0.0,32.65095090212383,40.66031556363474,62.912082033480154,41.739329503988955,37.568143311071616,46.68990607649772,48.63814588018005,36.10890291470637,41.06708120784098,48.44564739621778,47.70087913671865,48.38924175307203,198.67445039014675,305.57702659894966,120.61643232405575,51.401405179941314,30.437755709576443,40.11914554827725,37.01102282111284,0.5987660376219036,8.045109019798764,10.400590449363817,10.624422645594777,52.06939703013332,0.0,0.0,0.0,0.0,0.0,0.0,0.0,0.0,0.0023415634980789076,0.03778562950319697,0.0,0.006652023147203267,-0.0032222202374702666,-0.00273966690362146,-0.012313742092566566,0.0013817150245070166,-0.004452620720031721,-8.16302857015121,-21.157137625622,2.7989354550852696,418.19762990276223,392.9577297497151,403.1754883269562,34.63116359925296,36.15590012058692,36.670777799070336,46.807304250696845,55.009277673486345,50.06955151990286,37.903928393257786,240.24955179004704,31.929683500292946,-1092.2169772546013,0.0,0.0,-1624.2364705600467,0.0,0.0,-1007.3039623665184,-1489.2003731665704,1.0508943002139786,2.6023265944508225,0.0,0.987024852667449,28.721241626700493,0,ALM-0025,2026-02-09 17:33:21
2026-02-09 17:29:21,0,3.0,25.842358104920407,92.95676481279092,-1.5466802908741715,3.721115236916851,4.339177208076496,6.951279931332474,1.657635757255645,0.6718713852962384,-0.10311249849597695,1.5421407908862428,-1.280596609219124,0.5970637916261526,36.723429491698994,46.47799890282849,77.00195766637404,43.87117764948677,37.767634947563316,49.81211974106597,52.38536025922593,46.40626351064573,44.25352264103553,60.16855803027679,63.62559158070514,63.051750136745,1214.1713061343185,1302.0909427913396,1239.12159891819,5.932264756761897,35.27741896803742,39.26260526932155,36.37028712536534,0.570227348127522,92.77615426599755,123.30556771799186,91.70509203548414,52.17697470172329,0.19539288809823588,0.50593919761499,0.03589632231541985,0.1287378660298798,-0.19976902240484112,-0.033429942016993175,-0.490356347737149,0.13083460884336526,0.04106320209851377,0.10654625518726,0.007102237019823945,0.026771185644046902,0.03745682890230761,0.10720601930607207,0.006876750524502443,0.026039607742923715,-0.0372869473645313,-69.61242835196545,-86.37007055643512,3.1114494821125174,411.0671430308667,406.6637490375599,405.1170291076064,36.37284039673281,39.068481670450325,40.31244772257529,64.0033344557189,76.83593652650345,98.99813715904656,47.000710563681906,97.12434660505886,33.266531419750855,0.0,13091.159749017108,0.0,0.0,-13641.201100837836,0.0,13234.49320637683,-13290.811595389481,10.94198015778244,10.979524887182167,11.457668951829714,0.0,28.63535159182377,0,ALM-0026,2026-02-09 17:33:31
2026-02-09 17:29:21,21,5.0,15.394850865025647,82.16685322129361,-1.7499610763273565,3.2342644765727364,3.3286364265259087,5.296816650900823,0.4003819629830643,0.5010078831552327,11.735108206185023,43.582143638450454,-0.4131584688484415,11.975533593279131,24.369527473193685,35.91568479882938,82.83597126953158,33.50722000655907,40.61554908735227,47.287021601008746,43.03447067437043,34.53401983090325,36.97651115580401,51.51913169393198,50.810974969770456,50.167435188428996,859.5470742415051,1287.7067355795766,247.68865405966332,490.6686164436122,23.112498296285835,34.0678244446538,40.32186739832623,0.5180073725992532,39.76202557135062,41.86719116502242,41.69522587172363,48.978118876222894,0.020636679019990115,0.1598525009283758,0.0,0.04016763053457398,-0.02107662219024006,0.0,-0.15458163476645853,0.038884047832826014,0.010582256856806771,0.03029437315413793,0.0,0.008543153396834731,0.001130188277612544,0.032281842343144906,-0.014482634158660513,0.01019637900830977,-0.0049059475496412135,262.79063712425534,-289.69002508372046,73.49438316155002,388.06623616407495,408.24812748325076,404.89529872710807,39.47403471543457,38.045971919319435,37.79411137793613,40.611793832985626,44.96753151111209,42.10087284944004,31.70592900929101,90.99108023658233,25.910171793015557,-994.3945040993364,1513.0131867373536,0.0,-1372.2957897891117,-476.056308141135,0.0,430.54360021799516,-1776.5727887306107,7.2211626807645555,11.622233218081865,2.232215162747642,4.288839613534638,17.427292886200377,0,ALM-0027,2026-02-09 17:33:41
2026-02-09 17:29:21,21,5.0,10.453105126402237,95.16965626761821,-77.75608041121758,3.4662144849315495,3.5548357830188153,6.307095530934976,1.2448488514751657,0.3921480132816669,86.18751828951629,88.10130130920888,84.24471692866582,0.0,18.71927081674442,28.510882756804545,26.06808622600541,28.76346171505893,25.78363131394407,35.68726492376475,39.54606453579224,24.361340943499293,21.436029625282707,27.92337543607502,26.82009996588701,29.26356663103691,5.50827497816181,17.156151224541137,0.0,5.319811348068741,13.455504713297666,22.12528186592251,28.151757862944443,0.5213360564322748,10.401801749134808,13.536084207061023,12.207050867133933,48.42925815745443,0.0,0.0,0.0,0.0,0.0,0.0,0.0,0.0,0.01794186973060477,0.04017642040266472,0.0,0.008081485790931505,-0.003538624552739989,-0.0035057261834080403,-0.012465382534356795,0.0013880315254143274,-0.005949623193429561,-11.617694473468882,-28.519482183670497,2.1709866927734236,418.78953535195694,391.23533588317196,389.375930307326,28.090924038417093,27.756303797256848,27.799357213900734,33.93512244516102,38.64645994479092,35.11414519594054,27.88143943568791,181.38358699834103,21.821993967783335,-1283.9910739302004,0.0,0.0,-1970.0889923370419,0.0,0.0,-1261.7364368447004,-1947.7519594053213,0.0,0.0,0.0,0.0,12.251344078480532,0,ALM-0028,2026-02-09 17:33:51
2026-02-09 17:29:21,11,5.0,26.18037468165726,268.75475969950537,-7.178951709521861,3.1303466757096334,3.211855187703985,13.342504414434563,0.5176435078758278,0.8696514030077975,9.291045026706223,43.63689452634347,-2.2930268163584837,12.265652787637457,41.38883525893356,40.66123986607185,76.7666532518764,42.317228148270786,39.61447491024005,50.3172110455429,48.580380807204435,45.339710361834356,44.71284578892837,58.552429560923294,57.56942227994332,55.271953758721914,929.1490453598406,1297.3349859169089,237.8028970419438,456.7069525649414,33.46561557369942,39.42929007024852,36.127988577249816,0.7879063716711533,27.01196200261676,24.76620742569233,26.860940641521925,50.44892435191441,0.003004541003189101,0.20189094657849752,0.0,0.018427063624454613,-0.002848130297731919,0.0,-0.19053050443809033,0.019514022535143706,0.013778957039622768,0.07458579042933507,0.0,0.015198163070364895,-0.01001464692204589,0.039463036025580434,-0.019953464230828874,0.006487805236918848,-0.0011209796627384308,383.61119170573403,-27.515851489641037,39.998384628690545,411.8134485386787,387.90804292067753,388.3722018690586,36.93791972776682,36.759811986046046,37.45913972731129,71.8381750244689,75.63164185813737,66.40215585063699,37.42447009759647,267.11591510590006,32.762728958345,-3412.9410592296567,20.44128668902479,0.0,-1329.7221763853217,1019.7695012468628,0.0,-3393.282551399831,-397.6268567623201,7.726916111025885,11.341843276092174,2.3099201788998616,4.031568915987125,34.62195563526048,0,ALM-0029,2026-02-09 17:34:01
2026-02-09 17:29:21,0,5.0,29.281801770352615,20.184225729398165,9.303303870091288,2.2319431589554566,2.326041904198154,7.580264253603372,0.48476109121001665,0.6720330034663506,23.744146292859064,47.05881423401214,0.6807091084258753,3.507603254962715,35.27774118160473,40.390007154271096,62.32350918762491,42.25518118096541,37.68336188142203,50.19241407770434,46.35941414934705,42.99527706650462,41.614382439800686,48.98261220055277,48.03656243510434,46.616928783900974,154.51613446694557,1202.4920491120488,66.69189581745252,152.9926085414861,33.156544347362754,38.04783405916815,37.60452948479258,0.48292073852238343,15.549713583246595,14.362784213510219,16.683701580583485,49.99917516008976,0.0,0.0,0.0,0.0,0.0,0.0,0.0,0.0,0.0015973188858085638,0.01912930164192959,0.0,0.004041940718789628,-0.004636635256830633,-0.003481156457480473,-0.01293099156807831,0.002013660949317654,-0.008024597060216384,-13.879891958620028,-29.50905724259101,2.6933806166385716,410.24404739854066,393.56662477969667,396.7789420977506,35.92679797644858,34.904840863907815,38.41137842283528,79.02668783598718,76.4516731792697,79.40426798332828,50.2753520025154,10.915051797036506,34.92004674875629,-1547.20603381093,0.0,0.0,-2555.0612516211736,0.0,0.0,-1566.771708882507,-2611.2461626259856,0.6757675889493323,10.235205909534491,0.0,1.6312563561377713,32.161124928682526,0,ALM-0030,2026-02-09 17:34:11
2026-02-09 17:29:21,21,5.0,20.06866442100889,253.63511350554123,-2.2978936854441065,2.7442500009121837,2.77397152689571,4.565937176749572,0.68096196387804,0.5807977364856124,24.744862464769902,24.13097785236515,23.210288755579757,0.0,35.52302003322474,38.79893791151881,50.712703332633026,36.10734267210858,34.567777534825886,42.567914148530726,44.70296390459387,33.61585810126975,36.726948064913074,34.850993754738234,37.103978425121,37.678079568003334,238.37519704115266,302.8057119034736,196.04879355087476,30.45701589091231,26.62232278194783,32.79494604438786,35.76290747684164,0.7019500310473421,12.35247739739368,16.356211853470104,14.505147587786649,51.15949227939195,0.0,0.0,0.0,0.0,0.0,0.0,0.0,0.0,0.005318654716144798,0.028179916363395077,0.0,0.008108269928680337,-0.005231887511391984,-0.005030374720276339,-0.014664101167336591,0.00162940264261428,-0.006136319646963665,-11.636582464031555,-26.722580936256705,3.136731254579611,415.4557725694584,408.60025816293364,415.459164128237,36.19112433041557,34.5557495476368,32.20603656113094,47.912132802703,51.10639381738714,46.065648083054874,35.222909620455795,268.8074942753536,29.83850303119172,-1843.6423538299446,0.0,0.0,-2142.276759505994,0.0,0.0,-1770.0257145350658,-2252.331243833099,2.148499276858125,2.526208443312081,1.7475618700050592,0.30770002093620735,27.04397854256555,0,ALM-0031,2026-02-09 17:34:21
2026-02-09 17:29:21,11,5.0,13.368468924878796,356.7793809492412,-6.336770219301021,3.715817540215943,3.7720988233517447,7.514666709419017,0.8119881567377674,0.7901752095916492,13.469403959004834,25.055937830454667,-2.323254706860202,12.254670661048378,22.617421589072944,32.18028948131213,35.9490668798617,31.470153151273003,24.873701564079894,40.164836631268024,37.16163760608033,34.494596676800775,33.77873535769456,44.11738966120563,43.15777821883749,43.565652858590134,660.6010253978835,1339.2331985018923,248.76307838938646,480.95458082783796,18.605323709537835,24.463309974666828,28.427645600076886,0.696165272405072,79.40646006569699,82.08744905160802,85.88946537076409,48.73546973223814,0.05333792252743873,0.4445569409728265,0.0,0.08589000918615854,-0.055712389313078536,0.0,-0.4294366455122608,0.08155861844293631,0.022353875025784623,0.09009283262536961,0.0,0.01597304223505627,0.009062845442059334,0.08706439428661146,-0.01542067706246434,0.018937067157193704,0.009469171459777666,880.362886209858,-358.07971917858094,164.59508254296523,403.8001295114318,403.16956342745243,415.0462724869347,27.584965593373507,29.82673344560551,28.024540382602268,58.354200382312094,66.92340418969933,60.685273154815135,26.196483961164148,368.9937079212802,22.223989407693498,-655.7634660336034,3637.1502236436418,0.0,36.79447251859605,2912.5447047195007,0.0,3073.969147970622,2844.5591249264007,5.830196595649671,11.917253975793658,2.1664268385817858,4.067542547601648,15.096047325156853,0,ALM-0032,2026-02-09 17:34:31
2026-02-09 17:29:21,11,5.0,20.678304755692476,178.18600895673666,2.5067304500734644,3.251845575756236,3.2979958395474314,6.741525620649035,0.8673535411211619,0.6729873770853964,13.441676235158583,64.94427776228889,-2.3040291475369323,16.4212863252107,35.77912322694727,34.15779011765716,38.96845696458595,35.30232899968611,36.48861365360427,42.44776658138057,37.435185826813985,29.5196871542359,30.506452103636157,34.85558318170755,36.684130072518236,34.014895993210686,798.766118877751,1431.9286717222944,81.08106665932009,475.64188101351283,26.18362891117223,30.244185690220814,36.05784496228012,0.7167031171848555,30.512089527612687,31.529442033468225,33.383150971537454,48.02868886733268,0.01691930694195588,0.409990544248648,0.0,0.04906310199558854,-0.017462114127315426,0.0,-0.39716963065425914,0.050238786041966216,0.017990884151025392,0.08376145305783964,0.0,0.01780212629635598,0.0012925491002196763,0.08274258396903761,-0.021928063641415182,0.011236810522135125,0.0049212379527455415,829.6845004951812,-218.33136617416613,106.7165967459894,398.95544787037306,398.66104900428803,396.4501784806955,36.1830745176228,36.63441326092188,34.77548965144329,63.65644039845028,65.1606584687261,58.952173649814696,32.500828040498924,181.34857597576016,28.770949774369193,-635.6973733478429,1080.3075147947218,0.0,-85.36347159861482,1719.2011773461486,0.0,441.7571649900967,1722.5505776515554,6.609817442565479,12.2215694707963,0.0,4.317298183859477,28.026326894230436,0,ALM-0033,2026-02-09 17:34:41
2026-02-09 17:29:21,11,5.0,27.72639988645591,101.92109121435952,-23.048526724277917,11.087040526475084,10.894209675807017,16.959104870110973,3.11077803919172,2.054461489651303,84.16679586368392,86.23706813202274,86.50286113009238,0.09774896697469132,37.09874317149815,40.93812880141695,45.681130388245485,43.38220297045166,37.830079928437364,49.93921159773464,55.31168678853492,39.23325514494686,48.134669303666115,47.29686753458643,47.0727036300445,48.72836692948456,25.5569231959193,65.77686782541022,0.0,11.933757123069656,37.190132743707515,34.946261354441575,37.272498432485385,0.8319119847965896,14.031920171791521,11.071036766413275,14.414122490730703,51.10004386227407,0.0,0.0,0.0,0.0,0.0,0.0,0.0,0.0,0.7777849936930026,0.9683186061186247,0.3180320007600154,0.19580893389680526,-0.005691990604679001,-0.005684393371590795,-0.015138213359794513,0.0014713942783948215,-0.00493225849065529,-10.075128068451383,-24.138951887013846,2.3411539077915156,387.22260431500257,417.7545664763853,392.3624625424579,34.64720593618354,37.654781673691375,37.11597760092238,63.92395586686467,81.67722419986173,91.7297903064534,43.67909687414546,117.58149886346273,36.08722188547767,-1997.5237156736605,0.0,0.0,-1811.9232167512798,0.0,0.0,-1894.0880242982264,-1826.465358286016,0.0,0.0,0.0,0.0,28.70683734334322,0,ALM-0034,2026-02-09 17:34:51
2026-02-09 17:29:21,13,5.0,13.379075921630868,312.9344843766838,11.754454750756308,3.300967419366785,3.3528943505618494,5.72888481318887,0.8001488152560369,0.5850726408693578,23.571495988121693,23.915417077526193,23.64323928239823,0.0,23.358459127384364,33.32400718654319,44.47537990696944,34.543163064732724,33.82440740265725,41.149044190106096,39.242296781291806,40.59223048556845,29.03216746630209,44.917311477252056,43.50845005787609,42.21759413393621,289.43934383110656,287.15892470236895,264.47600595566587,4.412175925626807,19.70701474510564,23.879959002448818,34.65832545098832,0.8713821711736595,3.774908586116845,4.2491107298608135,5.752457600121926,49.844084226514255,0.0,0.0,0.0,0.0,0.0,0.0,0.0,0.0,0.01378388725850571,0.025770285724176768,0.0,0.005029827867016445,-0.0021638334314983652,-0.0019646666195267436,-0.011818721169092095,0.0012111336378289516,-0.0009104398390892169,-1.0914575944062261,-18.887077323166753,2.4412818226564545,403.1005328964831,403.78149827066227,405.13792355943576,32.36362142729912,34.64804881955928,35.58139234105611,38.40848620270993,38.966814590115845,35.60281976233887,24.738395484164418,307.3310665303561,21.419211405956933,-761.3407349360915,0.0,0.0,-309.83475811935864,0.0,0.0,-729.2675808573332,-309.0129339309062,2.39300314145745,2.509476920385164,2.4517015242383073,0.0,17.31520688211092,0,ALM-0035,2026-02-09 17:35:01
2026-02-09 17:29:21,0,5.0,33.13216025837071,241.5524933007871,1.641638829177316,3.3437790052953567,3.3924227782112077,15.941609990216815,0.5216468104541246,0.9271108854043321,0.8095652808220669,4.603580186850511,-1.0862493080799038,1.150368849444332,44.69835332030644,47.79270047330772,72.20023755318306,46.69583103821217,44.28540466116195,54.566312538747084,50.61353295817424,48.717687973143775,44.30147209351849,61.12625881974674,59.71964163038017,58.236269398731935,1272.1196261302987,1310.5670813438928,1161.09586206964,8.338273872990444,38.68740038852276,44.295722889331564,43.69435067979388,0.4929460893035707,70.83787746748469,72.1939736815057,72.57577102796844,47.65134938772776,0.062363493380047,0.294349483964743,0.0,0.06619245048307588,-0.05908627257619831,0.0,-0.27827987341854116,0.06730271816389682,0.013378711978289265,0.05588485387795354,0.0,0.012715344957519548,0.009387077344468349,0.05639409317271328,-0.02049873761167401,0.016692741757759914,-0.00462183844407155,317.22796096685687,-339.0112322513787,100.58945877747082,414.91249939034117,391.8009119636394,409.3734828615812,44.51898978028131,43.7163208193112,43.03836173687059,66.03301567815632,76.21905405807166,94.33257697759608,44.13728288803499,252.04456127774822,40.46848647711697,-581.4266162592382,3916.468813355941,0.0,-776.3271725356077,-665.9544010565791,0.0,3255.060187085318,-1368.9223867047258,11.646952524214667,10.814197258458707,11.265808456809594,0.10376059625843306,41.72205756674062,0,ALM-0036,2026-02-09 17:35:11
2026-02-09 17:29:21,0,5.0,26.244787652347927,219.76318026988238,49.8617468617871,5.021594437959683,0.0,9.312108545961138,1.8081424066379612,0.7912040082825008,90.84582120903524,92.04932456135074,87.59860068592732,0.0,33.47561688782997,37.79730637706639,35.67226284708328,41.10578626637878,36.029111292255145,37.191566227526486,42.67249798678732,35.66425623159327,36.82363166292729,44.057404004961846,44.36765897195885,43.74902221621851,0.0,0.0,0.0,0.0,29.932826344072428,34.13601690103242,38.29930092007798,0.8229445634165693,1.9884798680206075,1.912614990699014,1.9455831267028398,49.83753126788715,0.0,0.0,0.0,0.0,0.0,0.0,0.0,0.0,0.0,0.0,0.0,0.0,-0.0008371636236727577,-0.0008672907960445154,-0.0008907683095061854,0.0,0.0006127591899118806,1.3280306920032445,1.143335256069479,0.0,404.96645090287586,421.38595976713265,414.28484433846324,36.04264872405464,34.5532730670014,35.394043606148884,68.7773804943965,76.83508398232162,95.52176438940155,35.71204010192737,187.51643140475352,34.22036898586084,-319.4601339233645,0.0,0.0,209.9444746516912,0.0,0.0,-292.1563379707684,202.21022832193412,0.0,0.0,0.0,0.0,28.354719146581036,0,ALM-0037,2026-02-09 17:35:21
2026-02-09 17:29:21,0,5.0,15.073395468721756,145.90694835098063,20.3484093874897,3.112531614693284,3.3190747154513716,7.394887411394912,0.40942763788764647,0.9166557768620425,5.569332069689118,44.980844912554296,-2.2415141842668382,10.42756330596321,26.70209876623226,33.81185537577871,67.29041395191469,31.571106079327706,31.393442165524892,43.31205265715018,42.75655203745746,33.501532049475216,33.26099356821809,46.48510606842536,44.396540246076114,46.67196546459194,1012.5100415840175,1334.600722193325,195.39670927182092,413.3523397402436,20.02202113996061,29.952029836680214,32.91472493694455,0.6105673395342817,51.27660583312325,52.21632387693543,57.44844390856965,50.00901948129697,0.03446263701739942,0.4271803381990776,0.0,0.055804243515065285,-0.032849918627795745,0.0,-0.42963631480973136,0.05637920835846329,0.010357136853175844,0.0819262641186658,0.0,0.013119963129892833,0.003578876902465733,0.08659185992480956,-0.021428963137366776,0.013884760894181428,0.006813217656067469,856.9917173258327,-186.28490880428276,118.79028214356995,396.92880204710394,407.3461192579699,388.1647192234057,30.618977231969748,33.35434279626359,35.27728089798468,70.68807642668622,70.82143908509488,66.02051507626847,28.684716958231675,122.88980817456212,24.396945876215618,-880.6526175075387,2146.032046541834,0.0,-489.89169775130074,2712.876626834903,0.0,1225.4508323593452,2121.3893401262335,8.709128868933009,11.671603258552599,1.8595536864065305,3.3716457632093255,18.809031846554934,0,ALM-0038,2026-02-09 17:35:31
2026-02-09 17:29:21,21,5.0,22.37294720867744,164.50031713721083,1.9524678870647818,2.727892602082553,2.539887331149984,4.841845623831706,1.294808545557652,0.5942843653821809,23.234892230955694,24.722858867956848,24.984604513473464,0.0,31.216171585502426,37.99145657789821,42.42962356230054,35.5844778606258,33.75895212420896,42.6586980954039,43.01898545260127,35.367317693347246,40.74201360526687,38.54830008939921,35.71292457255519,39.27384592939314,231.1589840579821,291.2746770049723,171.92626262059431,28.42015427544895,27.869816435108472,33.13068623306796,37.62226582327055,0.7239730049844898,6.109099583613156,9.896759464155156,8.978520848323948,52.184649150869674,0.0,0.0,0.0,0.0,0.0,0.0,0.0,0.0,0.0031643757686081837,0.03311444978752007,0.0,0.006667519862072287,-0.0035995837867352854,-0.0030055434928977537,-0.013166396306370428,0.0015937830045800476,-0.0032355240379448634,-5.528652445077595,-19.90991668791093,3.2336831863350266,414.05639766816836,416.633087583409,412.2951118783095,35.357689386097185,32.95484294231488,35.50173823201671,46.62243942027783,48.52186485146217,48.379279924599395,42.27640572894095,155.51172120858098,28.50839234577,-1227.6182245005373,0.0,0.0,-1148.8816924837124,0.0,0.0,-1208.8810793918012,-1136.5635224877585,2.014889837716683,2.589106318056167,1.5291710954058346,0.31406499235886626,24.522156837903566,0,ALM-0039,2026-02-09 17:35:41
2026-02-09 17:29:21,11,5.0,19.218036986946267,211.65759321363086,-44.37346549031824,2.5106335093368752,2.4339050395634256,9.463631260681572,0.6975446681248909,0.38141994364409204,24.953371397351248,23.941528316901053,24.51470458715874,0.0,28.15111132589852,33.773696758001755,39.84718870706207,34.4341684619944,31.98023349274171,37.135036213694534,41.8427613950908,27.80672173295068,33.0617234554974,32.84379598247307,33.014841482154935,34.546891677056045,65.36101474183596,87.22575071473034,40.69469978417191,12.422748446653292,21.934560788026992,30.143142403076013,31.54757103639223,0.90935860699656,5.536254855426123,5.741304546547282,6.843768447613008,49.744851061686404,0.0,0.0,0.0,0.0,0.0,0.0,0.0,0.0,4.791705985432099e-05,0.00904274856822127,0.0,0.0005010051446996295,-0.003030570266663991,-0.0027747129116737768,-0.01215463597816712,0.0014110657999961906,-0.0011973623340576303,-1.9085698684308294,-16.89925893905383,2.14680235484974,402.9352448120186,386.14038797044265,412.07109496472737,32.66362761745435,30.035268069001077,29.53507060160738,68.64333209051993,70.19174361311228,64.3410831142036,32.565770710659265,257.1462450841583,26.480077084894614,-1084.3175404198055,0.0,0.0,-407.3773004808344,0.0,0.0,-1067.896970540306,-422.55342237383934,0.0,0.0,0.0,0.0,21.086130291328935,0,ALM-0040,2026-02-09 17:35:51
2026-02-09 17:29:21,11,5.0,11.468400260403737,174.93888210238214,39.43855057046564,2.411623657275831,2.500049354642559,5.696350769522648,0.49403028217021855,0.483172016965824,24.932317066637417,24.814590409180916,22.808989619711326,0.0,21.2343449781237,30.32617164507531,36.190911320422,29.70277066535937,26.902234289062623,40.85931334011033,38.310593417924906,25.583639999155793,26.1399939457938,32.73461988404263,34.40395462337683,32.05969495749336,202.93873279944194,232.4117938875271,176.20061322220548,13.324229350964764,16.71131231189582,25.147955050567134,29.01761600483988,1.011480269833368,3.1528113073433692,4.143607562254901,5.547286091902825,48.771148684738705,0.0,0.0,0.0,0.0,0.0,0.0,0.0,0.0,0.0,0.0,0.0,0.0,-0.0024856532635513587,-0.0022551989729374124,-0.011742005656135831,0.001096740508813992,-0.000636196349488785,-0.9980040669375749,-19.548535618704587,1.8422005317625019,401.25599048952483,401.9506331661903,401.3725035983491,28.788307151924084,29.50920347590305,28.34198933540605,63.577456100939614,66.87391715854703,61.113466818014345,23.941291301043062,133.04856587353882,21.40471740750266,-810.8061478178295,0.0,0.0,-227.24459449182729,0.0,0.0,-831.4711494402834,-208.3240389909324,1.735179632297964,1.9467398252739514,1.520907571789353,0.10300546115568401,13.39333328340004,0,ALM-0041,2026-02-09 17:36:01
2026-02-09 17:29:21,13,5.0,28.96846417617558,305.86504512988466,33.35363413453705,2.2397493134536655,2.404267689372934,3.2997067054713294,1.6960872766176383,0.3056086649711734,24.854614465615235,24.166936314271357,21.31619259691029,0.1044550137332774,35.54448194139497,42.61530829168024,40.88519943258041,44.13156565175504,42.257415164145684,43.25224917833873,45.40896019880794,36.516350125698594,38.45619204036413,39.30868775839279,40.39624172832275,39.89113634710259,129.4891971800916,174.84478694753622,99.43204946758821,20.176042659770193,34.58679054174738,38.50062234961598,39.77839925618492,0.7247824033461608,6.834742675081766,6.0891308196799905,8.692630478200527,51.951228628622026,0.0,0.0,0.0,0.0,0.0,0.0,0.0,0.0,0.0,0.0,0.0,0.0,-0.003084126526316601,-0.002502934655745733,-0.012105808258429086,0.0014935000383769778,-0.002812248859901563,-4.486007135216219,-21.801441200051126,2.4040842740962156,402.72528277053107,384.87052082629424,377.53390289222426,40.80057135845483,42.948042801764636,42.97655018541797,53.49280705971009,56.733957758684916,52.3796967652356,44.18667320714228,278.5283899875174,36.880973406701706,-1039.0724274767294,0.0,0.0,-936.2749061607872,0.0,0.0,-1060.030822300287,-948.614777017855,0.10189991610491052,1.5086193490242958,0.0,0.29693358600487285,30.75993893376884,0,ALM-0042,2026-02-09 17:36:11
2026-02-09 17:29:21,0,5.0,17.277479542757963,249.70807050319243,8.963922793383004,3.3592957404354733,3.4904576035221266,18.539164562376097,0.6113449169178127,0.9249195823946786,12.069447301948818,46.88614041600817,-0.6765876354945594,11.936609084652307,32.73581706982551,38.99778705835679,96.39889986095764,37.89937919662753,37.140534232522356,46.99138349718395,46.373887354742074,41.17583298870955,38.01367221252817,55.39821230350263,60.17641802513757,55.4281944403666,847.8924935619443,1294.5208474798515,230.36724436626838,460.9937766380123,26.264770227922142,36.03011521602749,34.24809325095945,0.8147584979399813,41.21087676894857,45.21592364062565,39.83838684608177,50.478821363625315,0.04063203612929451,0.24279959823741057,0.0,0.0644780397391635,-0.03830121016259563,0.0,-0.24181148160532331,0.06408529781491228,0.01501242376666085,0.07095012570671333,0.0,0.01307435658569357,0.00019428402947418516,0.04958825388718621,-0.021009136565545636,0.018857878378387368,-0.016136020967184875,1.2523505027715889,-84.3818803349102,27.615097775384065,412.06223046374924,395.1946161162302,410.58492839242746,34.52152135271233,37.06125664185231,38.7985458912307,69.32200572509059,75.09476884730417,80.9836953661868,30.70478897187784,250.2928527696384,27.805702407522197,-2411.396815275404,2650.575992934363,0.0,-1680.6041658976242,-3539.453752097818,0.0,102.26764260383375,-5640.025727801948,7.520784817758689,10.98286079029075,2.2355865370513026,4.3505118709696315,25.898935169934727,0,ALM-0043,2026-02-09 17:36:21
2026-02-09 17:29:21,21,5.0,19.545895239067406,199.75898488273899,-19.708961798711673,2.303664127030537,2.260135805663241,4.263822190950621,1.1011239300740483,0.4976049582242194,24.278344661840677,23.34128985460027,23.354267607797535,0.0,27.38477082478385,33.97628701122986,35.67388920415595,33.108088170101965,30.940952551873522,37.92839003899394,40.853745817000764,25.92187744368007,28.32846547220298,33.23061323329264,33.359983996613856,31.56745580826139,176.51118516676647,232.0111086699495,129.30169396658454,31.671210866860836,21.72397870849387,28.421017432223074,31.856923540570364,0.7176451304684306,5.320039038588909,8.689095261135865,7.9673002393603225,47.59058574581781,0.0,0.0,0.0,0.0,0.0,0.0,0.0,0.0,0.0011923195999189904,0.023338403347406056,0.0,0.004134650886957828,-0.0028759408864550604,-0.002708180509870507,-0.012916705687525933,0.0013051767080530618,-0.0027434242531803638,-5.433769659785836,-22.659839080547737,2.1706464493139315,412.0464236801853,407.0419821202476,401.49286420018456,32.293471795516844,31.732676961374498,28.137187949310743,42.483878876255986,46.88630491734273,42.928391485554364,33.05831303263104,205.6194837950136,26.43976485365487,-975.0475930938092,0.0,0.0,-932.5223464718104,0.0,0.0,-990.575558427963,-951.0274091546144,1.104422536595156,2.0272954985291585,0.0,0.7863049943779181,20.37375897276815,0,ALM-0044,2026-02-09 17:36:31
2026-02-09 17:29:21,11,5.0,14.387729143146757,105.34171687660238,18.778532563340338,3.303106949420806,3.4953334354147816,7.978321736830595,0.8572757602798532,0.7260931458789568,9.415616779649604,23.713063648509046,-2.1898295751433015,11.426585818164346,25.063470772494156,32.40904166597674,67.52909918742168,33.78375318784272,31.076946827215732,42.28564060904896,40.814714628616684,28.465645636634115,32.05403026880071,48.93759313881493,46.49565009934677,46.433487475990376,825.495629236768,1379.1973436536841,262.2744143528129,462.87825103638494,20.914880986829726,29.84058433985331,31.005412531359298,0.5746437489061381,35.80431426658379,42.10403432475626,34.98307264168433,51.40622717339851,0.03743025373645363,0.28249743889627826,0.0,0.06586857783253465,-0.03573177013724559,0.0,-0.28540043602537757,0.06522800007711158,0.01706568727976748,0.05524887620390671,0.0,0.013380547982732081,0.004911234623168479,0.05719298874948441,-0.023202773108336284,0.014519739494419355,-0.006134292688085655,566.0168682873377,-96.68558047297255,72.17089706213768,388.6431715487802,409.25179385162113,411.9990460320802,30.541387075604888,30.191180606515932,30.034206708926128,60.83396768452373,61.660499806298546,61.060028754302955,24.720515691512862,90.02162512611702,23.33102722483206,-718.2690859825615,2210.9322506112007,0.0,-249.67210095447007,-1866.3786771092841,0.0,1524.3427283494375,-1997.779416854691,7.813185157925103,12.434230007219886,2.141310892830595,4.056242906680302,18.75860778798947,0,ALM-0045,2026-02-09 17:36:41
2026-02-09 17:29:21,11,5.0,10.731810587949532,110.67456220973698,-174.18837394167593,2.422516255312462,2.4976935040055506,3.703574570888296,1.1127074503164016,0.4126054282945555,24.959438502483074,23.869814855328542,23.443993741162263,0.0,19.603735250996202,29.930691660936716,22.725805626195026,31.119033391110275,23.902094437116485,30.292080276734612,30.461727334581497,22.95897208199298,20.44621109316521,24.677315399518392,24.330500656610447,22.995454663226774,78.69167571395509,89.51324934947132,64.093150219925,7.802753447129309,16.04041601299555,22.64758360581344,27.87825170395557,0.9532548875089899,1.6180197952646083,4.282760184269364,4.427358953633054,49.327580891423,0.0,0.0,0.0,0.0,0.0,0.0,0.0,0.0,0.0,0.0,0.0,0.0,-0.0016894340556598629,-0.0014132233703931549,-0.01075514746505146,0.0012065037467488965,9.735515431496138e-05,0.5952029343035723,-18.09952726964686,1.8051876970747132,402.2574639872936,402.3420277573833,413.9378669644398,30.18808937808348,30.192528930143286,29.533559527125263,57.32914593575826,62.882620618155315,58.04073255208594,24.361651985236428,272.1743283215237,21.874407760972552,-602.2380343554622,0.0,0.0,32.91400058006284,0.0,0.0,-568.4787611344275,32.97639884874055,0.0,0.0,0.0,0.0,13.224660422513722,0,ALM-0046,2026-02-09 17:36:51
2026-02-09 17:29:21,11,5.0,11.433746254282703,326.4997375772586,-3.7396913014365887,2.420452505923799,2.310736565887876,5.920712352966332,0.3982779049163935,0.5987007323039282,24.969337048591917,23.55878106470492,23.3619750083598,0.0,20.95219758149884,29.824133735580347,27.74455278809578,29.848465895154828,24.973340382243762,34.98385482070886,35.36673611995766,25.666212122903193,25.45378597715523,30.157080512306266,31.0881627576213,29.48327293656043,218.6611508336506,233.27415606655936,209.79695983710047,6.875766212471401,16.644261605480594,23.79952481540506,29.679198389600675,0.9508413425709817,3.531382777694477,3.7881942696667776,4.713414079189695,49.578989100536155,0.0,0.0,0.0,0.0,0.0,0.0,0.0,0.0,0.0,0.0,0.0,0.0,-0.0020938298038603856,-0.0018532839367511012,-0.011476807946095348,0.001188864729455781,-0.0006795093940786593,-1.0247056146481333,-15.942801224877028,1.8141678971118989,418.0672780289136,385.52838742543173,388.7927857304872,28.186989607560296,29.921050754515935,27.55306513168562,58.65365531357693,61.14903371099252,56.77909417929373,25.781877313605772,337.66152384327637,22.772351024935226,-732.3856366316332,0.0,0.0,-216.79204801691242,0.0,0.0,-754.1945885194582,-234.90199254599565,1.9371811950541287,1.975465707172364,1.8718680703912973,0.09915901544857623,14.962100079395153,0,ALM-0047,2026-02-09 17:37:01
2026-02-09 17:29:21,21,5.0,19.056805988865122,0.9177413506894496,-121.10526161101974,2.472128381324183,2.5983080948715234,3.828904021697961,1.6174807918847158,0.4020859078669221,23.61086714168217,23.08045428250728,24.731314868758272,0.0,25.95298243424364,33.0970223491539,31.65678096523636,32.76236575888829,30.806844553844975,36.33775429751786,40.572379790538186,28.168242326161284,27.49311635019161,30.282982056507088,32.30211047328029,29.70198393377523,57.10103201949589,75.45651123956989,37.38831467687512,9.511983410732984,22.775290926990643,27.635229224172228,31.691503537655798,0.7209236317022726,4.80754932107747,7.416342318538039,6.803338704532328,50.97541259985704,0.0,0.0,0.0,0.0,0.0,0.0,0.0,0.0,0.0009375672702011545,0.014499849146584167,0.0,0.0031089700996742246,-0.0022751737360329977,-0.001695561114132526,-0.013065397259558388,0.0016529079054032913,-0.002800483007859837,-3.1700210256572725,-25.699701772642243,3.7347366691061135,394.78519377058115,413.82205285714946,385.69231875745925,31.374873782022757,28.961592882362368,31.172021531686813,43.35818993006201,47.4194246506478,43.126050381509955,36.70954776659711,123.68013660509597,27.17105497480467,-790.3527550758229,0.0,0.0,-919.2295560062279,0.0,0.0,-833.3458835188696,-941.4597051813406,0.0,0.0,0.0,0.0,22.68364542408831,0,ALM-0048,2026-02-09 17:37:11
2026-02-09 17:29:21,13,5.0,24.013801284653884,129.52039783124508,5.039103185824827,3.2378970922778905,3.361234055477621,7.110554277533817,0.5740780633399181,0.9447044659491156,6.4950005531479045,74.80517282407268,-2.3975369811882072,15.082506277251786,32.31189764412425,48.38734084089363,91.72516522887712,44.773746301428645,35.78813315342873,57.84463580528658,55.428395424930336,57.988712955414435,67.50140755712974,78.86619757476291,79.25590372140438,81.67246229318432,1030.445964176466,1433.0238326753522,55.156531886918245,382.98242055770294,33.003535250073966,38.970941558846725,38.09582755428504,0.8351451373604992,37.95062392112898,39.49756853003845,37.23256763875028,49.42442081031759,0.01877414078603574,0.3506682573426712,0.0,0.05531366055591851,-0.019947059283606017,0.0,-0.35016510077666807,0.0559068048326467,0.01465614885752715,0.0699667572938335,0.0,0.017740447562260356,-0.006761996140291785,0.07082551458074252,-0.023503062911190076,0.016762558108538828,-0.013919707668006709,5.104405768484186,-126.61710451257647,30.07640257785497,405.9755933787254,388.26902880531327,411.966028431876,36.85680876081431,36.40548523950549,35.73691315048448,63.77925293611082,64.48635024792708,68.17283654586001,45.82480083378996,126.51970142835229,33.73869996246858,-3475.9676104388395,978.6336736608797,0.0,-2582.470011931047,-2135.2446318529123,0.0,-2373.01336756526,-4499.581141883026,9.43635551312873,11.730285187374108,0.0,3.4853093889667406,26.85676731844065,0,ALM-0049,2026-02-09 17:37:21
2026-02-09 17:29:21,11,5.0,32.367796964098474,163.89388459877097,46.538576284853704,2.951824934073562,3.1863973495274878,10.26554688351804,0.5172826577132343,0.918045031002437,17.0570878352836,22.923036855775198,-2.3614180768826594,10.371202347657578,44.98902787967214,44.88475496425367,64.75802420029817,46.79642597598322,43.629704919004034,47.890875231461095,50.375887166897805,44.48190728388268,48.981341301958025,53.75608854835971,54.20297287301411,52.044673657382795,486.9360536372695,1291.0216630573184,138.61718042948155,404.6951060379604,38.87146129736636,43.956258669814225,43.04431721510848,0.8010502795773567,14.785111088161537,13.06575784330365,15.087380323771313,50.049235156304405,0.0,0.0,0.0,0.0,0.0,0.0,0.0,0.0,0.016685931067610644,0.07307531268135115,0.0,0.021220052203985186,-0.006506311464003609,-0.005549508972220826,-0.01614468423165795,0.001954385709820333,-0.003664842605756902,14.08401715797876,-33.28420844774039,8.546977528064199,394.36407471641235,400.18465118074926,384.1618335282203,43.50165278332824,39.957895937519005,43.53737011290372,77.14191836880732,82.8256643227829,76.61005016236034,46.649389524115485,117.42189050308471,38.8140991416617,-2125.5901887397163,0.0,0.0,-1374.7123337728522,0.0,0.0,-2080.240329607441,-1288.834919047591,3.823061617634288,11.585204425009454,0.0,3.8613970606672954,35.960878445643694,0,ALM-0050,2026-02-09 17:37:31
